theta,mean,median,minimum,maximum,std
0.001,2.738388931833313e-07,2.7621959430845777e-07,2.1654794291059432e-07,3.238780760250748e-07,3.432726184884091e-08
0.002,1.0953549963832466e-06,1.104877742519328e-06,8.6619142025679e-07,1.295511596000054e-06,1.3730894964278043e-07
0.003,2.464788804579232e-06,2.485972541321768e-06,1.948929373440933e-06,2.9155330704133675e-06,3.092207304666517e-07
0.004,4.382254758494853e-06,4.420664406867836e-06,3.4647600432036185e-06,5.183282551612933e-06,5.498601744698929e-07
0.005,6.847636797979728e-06,6.907898611130392e-06,5.415957409660166e-06,8.098857689264882e-06,8.586972164165462e-07
0.006,9.860887518486906e-06,9.947353338868314e-06,7.799032287647556e-06,1.1662343007756704e-05,1.2365278774675028e-06
0.007,1.3421728575646607e-05,1.3539421524988438e-05,1.0615334350760897e-05,1.5873703692825814e-05,1.6830431798852636e-06
0.008,1.753038433826015e-05,1.7684091837222304e-05,1.3864903835036912e-05,2.0732944131629516e-05,2.1982550096838414e-06
0.009,2.218682743171385e-05,2.238135562054877e-05,1.7547741531953598e-05,2.6240053316972656e-05,2.782152722463849e-06
0.01,2.7391055333603197e-05,2.7631203274092186e-05,2.166382150059487e-05,3.239501566332237e-05,3.4347424108659737e-06
0.011,3.3143055119977394e-05,3.343362177687936e-05,2.62131484012329e-05,3.919781919581311e-05,4.156018315191653e-06
0.012,3.9442816301926695e-05,3.97885974910972e-05,3.119571632592688e-05,4.66484475218909e-05,4.945977606032797e-06
0.013,4.629032520492293e-05,4.669611693969289e-05,3.66115178772608e-05,5.474688535989092e-05,5.804619126194647e-06
0.014,5.368556654526957e-05,5.415616268183987e-05,4.246054007328581e-05,6.349311451991912e-05,6.731940964370332e-06
0.015,6.162852763945681e-05,6.216872106146187e-05,4.87427750566205e-05,7.288711589215069e-05,7.72794071113361e-06
0.016,7.011918841394182e-05,7.073376995236913e-05,5.545821272789908e-05,8.292886890493012e-05,8.792614603376445e-06
0.017,7.915753199913e-05,7.98512907738691e-05,6.260684246317538e-05,9.361834997001495e-05,9.925959482746307e-06
0.018,8.874354089840608e-05,8.95212632670006e-05,7.018865297481192e-05,0.00010495553972811322,1.1127973290686187e-05
0.019,9.887719310900379e-05,9.974366451631633e-05,7.820362968558037e-05,0.00011694040899601355,1.239865183688995e-05
0.02,0.00010955846869723507,0.00011051847133708437,8.66517639569464e-05,0.00012957293280002613,1.3737990896741891e-05
0.021,0.00012078734428698779,0.00012184565912404244,9.553303802145585e-05,0.00014285308332229185,1.5145987666692895e-05
0.022,0.00013256379652993867,0.00013372520166005097,0.00010484743875427416,0.00015678083137093957,1.6622637775759638e-05
0.023,0.00014488780060274432,0.00014615707181409032,0.00011459495046173274,0.0001713561461574864,1.8167937031287094e-05
0.024,0.00015775933106115803,0.00015914124109572825,0.00012477555868661838,0.00018657899559015867,1.978188086053059e-05
0.025,0.00017117836047589874,0.00017267767931583577,0.00013538924555667187,0.00020244934617175137,2.14644649638667e-05
0.026,0.000185144860718256,0.00018676635608388947,0.0001464359936513837,0.0002189671627196299,2.3215684510731517e-05
0.027,0.00019965880238874688,0.000201407238428708,0.00015791578643498116,0.0002361324097410744,2.5035534241944323e-05
0.028,0.00021472015505252795,0.00021660029333797626,0.0001698286035929364,0.0002539450481545691,2.692400930230263e-05
0.029,0.00023032888711851384,0.0002323454854809559,0.000182174426560211,0.00027240503985248576,2.888110414592954e-05
0.03,0.0002464849655122836,0.00024864277879582675,0.0001949532350147276,0.00029151234342006394,3.090681318315238e-05
0.031,0.00026318835652621163,0.00026549213591892107,0.00020816500830200813,0.0003112669169762494,3.300113071988219e-05
0.032,0.0002804390248908217,0.0002828935179541303,0.00022180972459551196,0.0003316687170851207,3.5164050790565266e-05
0.033,0.0002982369345256086,0.00030084688567633133,0.00023588736183877135,0.0003527176988785685,3.739556719794056e-05
0.034,0.0003165820477697756,0.0003193521969449553,0.00025039789716507777,0.0003744138158497945,3.969567363019672e-05
0.035,0.00033547432624262406,0.0003384094102419355,0.00026534130690369917,0.0003967570202381143,4.2064363386437676e-05
0.036,0.00035491373048281984,0.00035801848103478306,0.00028071756661585123,0.00041974726292004494,4.45016300760695e-05
0.037,0.0003749002190297279,0.0003781793646849274,0.0002965266512163778,0.00044338449315750594,4.7007466544956435e-05
0.038,0.0003954337505199912,0.00039889201481557723,0.0003127685352407594,0.00046766865896052945,4.9581865430453095e-05
0.039,0.0004165142814061995,0.0004201563839282829,0.00032944319192551585,0.0004925997068584431,5.222481982082551e-05
0.04,0.0004381417673444465,0.0004419724228971744,0.00034655059420207746,0.0005181775818773326,5.493632194098257e-05
0.041,0.00046031616316531964,0.0004643400826277455,0.0003640907142987704,0.0005444022277674154,5.771636420233743e-05
0.042,0.00048303742204265366,0.00048725931078885676,0.0003820635235435299,0.0005712735867038354,6.056493860270946e-05
0.043,0.0005063054962607505,0.0005107300550188931,0.0004004689926763172,0.0005987915995298021,6.348203706510316e-05
0.044,0.0005301203367316654,0.0005347522618546208,0.00041930709138404687,0.0006269562056225864,6.64676513468187e-05
0.045,0.0005544818941127461,0.0005593258756317332,0.00043857778997535846,0.0006557673430056532,6.952177277651411e-05
0.046,0.0005793901165464521,0.0005844508403234916,0.00045828105611656067,0.0006852249481853478,7.264439287244099e-05
0.047,0.0006048449517749189,0.0006101270981082041,0.0004784168578203518,0.0007153289562777942,7.583550266534451e-05
0.048,0.0006308463464109737,0.000636354589983068,0.0004989851627421604,0.0007460793010308775,7.909509301881821e-05
0.049,0.0006573942458307114,0.0006631332560694259,0.000519985936909606,0.0007774759147221033,8.24231547417829e-05
0.05,0.0006844885941664769,0.0006904630345483387,0.000541419146493971,0.0008095187281470517,8.581967830380841e-05
0.051,0.0007121293345378366,0.0007183438629772554,0.0005632847562608845,0.0008422076708201054,8.928465408734813e-05
0.052,0.0007403164087918523,0.0007467756772552292,0.0005855827307743589,0.000875542670717322,9.281807219230514e-05
0.053,0.00076904975782488,0.0007757584120840488,0.0006083130335926556,0.0009095236544102159,9.641992261271839e-05
0.054,0.0007983293211879961,0.0008052920011289433,0.0006314756278781308,0.000944150547103062,0.0001000901950525741
0.055,0.0008281550373111623,0.000835376376469299,0.0006550704757168901,0.000979423272510549,0.00010382887911165947
0.056,0.000858526843563856,0.0008660114691011467,0.0006790975387684917,0.001015341752991672,0.00010763596411958909
0.057,0.0008894446761100628,0.0008971972087481461,0.0007035567778960194,0.0010519059094339367,0.00011151143926488514
0.058,0.0009209084699859149,0.0009289335237056551,0.0007284481531293352,0.001089115661321749,0.00011545529352748382
0.059,0.0009529181591388825,0.0009612203416272669,0.0007537716240928471,0.0011269709267039962,0.00011946751565567384
0.06,0.0009854736761984672,0.0009940575877452895,0.0007795271496902068,0.0011654716222531114,0.0001235480942316701
0.061,0.0010185749528625165,0.0010274451873917845,0.0008057146876020438,0.0012046176631567151,0.0001276970176926664
0.062,0.0010522219195389648,0.001061383063475585,0.0008323341953240249,0.0012444089632338562,0.0001319142742177791
0.063,0.0010864145055087926,0.0010958711382836328,0.000859385629462972,0.0012848454348827199,0.0001361998518301923
0.064,0.0011211526389675042,0.001130909332653085,0.0008868689461696277,0.001325926989025561,0.00014055373827586248
0.065,0.0011564362468887146,0.0011664975661778154,0.0009147841004401025,0.0013676535351719865,0.00014497592122755332
0.066,0.0011922652551823564,0.0012026357573767243,0.0009431310468771548,0.0014100249816252353,0.00014946638810703247
0.067,0.0012286395885472423,0.0012393238231640513,0.0009719097393235954,0.0014530412348929822,0.0001540251261239716
0.068,0.001265559170573527,0.0012765616794134238,0.0010011201308977036,0.0014967022003083974,0.00015865212230731
0.069,0.0013030239236896612,0.00131434924068069,0.0010307621740153206,0.001541007781801551,0.00016334736352131724
0.07,0.0013410337691852404,0.0013526864202378364,0.0010608358204194923,0.0015859578817543074,0.000168110836395023
0.071,0.0013795886272035874,0.0013915731301917256,0.0010913410211780272,0.0016315524012100457,0.00017294252738763593
0.072,0.0014186884167492475,0.0014310092813695219,0.0011222777265136319,0.001677791239801274,0.00017784242271834066
0.073,0.0014583330557087603,0.001470994783194457,0.0011536458860841314,0.0017246742957138794,0.0001828105085513905
0.074,0.00149852246074621,0.0015115295439520615,0.001185445448641964,0.0017722014657295393,0.00018784677070530768
0.075,0.0015392565474908638,0.001552613470742703,0.001217676362824549,0.0018203726451861968,0.0001929511948019381
0.076,0.0015805352303228215,0.0015942464692088043,0.0012503385757869356,0.0018691877280787583,0.00019812376640415065
0.077,0.0016223584225691702,0.0016364284439274734,0.001283432034404619,0.0019186466068797925,0.00020336447077461058
0.078,0.0016647260363416906,0.0016791592980399117,0.0013169566847697212,0.0019687491727402584,0.00020867329302759325
0.079,0.0017076379826460042,0.0017224389336006896,0.0013509124723248833,0.0020194953153307438,0.0002140502180557117
0.08,0.0017510941713702044,0.001766267251370468,0.0013852993417300397,0.002070884922931837,0.00021949523059887165
0.081,0.0017950945112576665,0.0018106441507727,0.0014201172370372772,0.0021229178824371253,0.00022500831512458716
0.082,0.001839638909815511,0.001855569529882195,0.0014553661015100916,0.0021755940792993478,0.00023058945602379656
0.083,0.0018847272735318722,0.0019010432859405957,0.0014910458777389612,0.0022289133975204045,0.0002362386373903915
0.084,0.0019303595076977653,0.0019470653143757177,0.0015271565076466764,0.0022828757197334015,0.00024195584316253905
0.085,0.0019765355164352073,0.001993635509764835,0.001563697932402519,0.002337480927178781,0.00024774105710583357
0.086,0.0020232552027952488,0.0020407537652288865,0.0016006700925152995,0.0023927288996079543,0.0002535942627968377
0.087,0.002070518468669613,0.0020884199727002617,0.0016380729277641892,0.0024486195154236334,0.0002595154435476668
0.088,0.0021183252147661037,0.002136634022947892,0.001675906377245795,0.0025051526515845746,0.000265504582564414
0.089,0.0021666753406574756,0.0021853958052702738,0.0017141703793260854,0.002562328183660645,0.0002715616628242001
0.09,0.0022155687448408568,0.002234705207911636,0.0017528648717625162,0.002620145985801847,0.0002776866671041989
0.091,0.0022650053246579317,0.0022845621177589037,0.0017919897914649985,0.002678605930722111,0.0002838795780140501
0.092,0.002314984976237544,0.0023349664204710407,0.0018315450747964368,0.0027377078897435903,0.00029014037793316657
0.093,0.002365507594641214,0.002385918000450238,0.0018715306572729684,0.0027974517327927773,0.00029646904908242893
0.094,0.00241657307374995,0.0024374167407796854,0.001911946473845294,0.002857837328349877,0.00030286557348092684
0.095,0.00246818130638482,0.0024894625235941104,0.001952792458626118,0.0029188645435063165,0.00030932993295190015
0.096,0.0025203321841443583,0.002542055229282747,0.0019940685451725892,0.0029805332439346577,0.00031586210913361087
0.097,0.0025730255975206064,0.002595194737395168,0.0020357746663494103,0.003042843293935227,0.00032246208344542465
0.098,0.0026262614358713355,0.002648880926039543,0.002077910754080703,0.003105794556323982,0.0003291298371580123
0.099,0.0026800395874140405,0.0027031136720887528,0.002120476739827515,0.0031693868925793955,0.0003358653513344193
0.1,0.002734359939232367,0.0027578928511877154,0.002163472554260637,0.0032336201627296557,0.00034266860683663955
0.101,0.0027892223772713943,0.002813218337734902,0.002206898127457335,0.0032984942254239424,0.0003495395843271649
0.102,0.0028446267863432074,0.002869090004913588,0.0022507533886059194,0.0033640089378623728,0.00035647826429498474
0.103,0.002900573050121502,0.0029255077245157746,0.0022950382663640134,0.00343016415587849,0.000363484627044036
0.104,0.0029570610511726048,0.002982471367373507,0.00233975268859421,0.0034969597338746494,0.0003705586526548676
0.105,0.0030140906708638893,0.003039980802707287,0.0023848965825045143,0.0035643955248574333,0.000377700321051472
0.106,0.0030716617894942845,0.0030980358987674483,0.0024304698746027142,0.0036324713804215536,0.0003849096119460712
0.107,0.003129774286195819,0.0031566365224025006,0.0024764724906745084,0.003701187150747076,0.00039218650486753
0.108,0.0031884280389739782,0.003215782539277845,0.002522904355837907,0.0037705426846751378,0.000399530979155723
0.109,0.003247622924692395,0.003275473813798002,0.002569765394478729,0.003840537829518209,0.00040694301395277925
0.11,0.0033073588191071092,0.0033357102091370328,0.0026170555303157705,0.003911172431283361,0.000414422588205227
0.111,0.0033676355968156545,0.0033964915871864676,0.002664774686341409,0.0039824463345314864,0.00042196968069607157
0.112,0.003428453131294573,0.003457817808648178,0.002712922784905758,0.004054359382442474,0.0004295842699783822
0.113,0.003489811294874812,0.003519688732901538,0.0027614997475907677,0.004126911416769685,0.0004372663344409358
0.114,0.0035517099587933252,0.003582104218158577,0.002810505495325355,0.004200102277870377,0.000445015852279726
0.115,0.003614148993104027,0.0036450641213283674,0.0028599399482840404,0.004273931804724351,0.00045283280150056396
0.116,0.003677128266748886,0.0037085682980258494,0.0029098030260783503,0.00434839983486468,0.00046071715990004104
0.117,0.0037406476476091076,0.0037726166029348196,0.002960094647449174,0.004423506204463634,0.00046866890511411863
0.118,0.003804707002318386,0.003837208889020005,0.003010814730589062,0.004499250748256967,0.0004766880145626183
0.119,0.0038693061964368723,0.003902345008297947,0.003061963192860895,0.004575633299606419,0.00048477446550116755
0.12,0.003934445094403482,0.003968024811523974,0.0031135399510713313,0.004652653690475073,0.0004929282349660929
0.121,0.004000123559525781,0.004034248148127861,0.0031655449212146802,0.004730311751397154,0.0005011492998237032
0.122,0.0040663414539943155,0.0041010148663614965,0.0032179780186691875,0.0048086073115301,0.000509437636754242
0.123,0.0041330986388145585,0.004168324813213331,0.0032708391580469343,0.004887540198629137,0.0005177932222319272
0.124,0.004200394973921939,0.004236177834424426,0.0033241282533239547,0.004967110239048833,0.0005262160325461813
0.125,0.0042682303181109105,0.004304573774508158,0.0033778452177380958,0.0050473172577445435,0.0005347060438149345
0.126,0.004336604529042676,0.00437351247672968,0.003431989963876503,0.005128161078273852,0.0005432632319312095
0.127,0.00440551746323965,0.004442993783124072,0.0034865624035722576,0.005209641522802344,0.0005518875726350353
0.128,0.004474968976126481,0.004513017534463537,0.003541562448041491,0.0052917584121024985,0.0005605790414618718
0.129,0.004544958922006581,0.004583583570334171,0.0035969900077168493,0.00537451156553681,0.0005693376137578422
0.13,0.004615487154000208,0.0046546917290217205,0.0036528449924102535,0.005457900801072557,0.0005781632646744772
0.131,0.00468655352414975,0.004726341847598348,0.003709127311209981,0.005541925935233727,0.0005870559691690357
0.132,0.0047581578833965745,0.004798533761930068,0.0037658368724857727,0.005626586783381127,0.0005960157020638768
0.133,0.004830300081490479,0.004871267306590377,0.0038229735839445667,0.005711883159120523,0.0006050424379133254
0.134,0.004902979967108412,0.004944542314952949,0.0038805373526105136,0.005797814874928808,0.000614136151129444
0.135,0.004976197387784142,0.005018358619130359,0.0039385280847721305,0.00588438174178374,0.0006232968159348097
0.136,0.005049952189942841,0.0050927160501006985,0.00399694568605824,0.005971583569303718,0.0006325244063446864
0.137,0.0051242442188711435,0.005167614437415868,0.004055790061384346,0.006059420165707263,0.000641818896212019
0.138,0.005199073318742265,0.0052430536095817715,0.0041150611150103655,0.006147891337815015,0.0006511802591705986
0.139,0.0052744393326088716,0.005319033393750006,0.004174758750442598,0.006236996891070934,0.0006606084686981275
0.14,0.005350342102395711,0.00539555361589017,0.004234882870539414,0.0063267366295016725,0.0006701034980579181
0.141,0.0054267814689083925,0.005472614100734241,0.004295433377447755,0.006417110355795952,0.0006796653203505043
0.142,0.0055037572718490855,0.005550214671769582,0.004356410172631775,0.006508117871188213,0.0006892939084618843
0.143,0.005581269349763695,0.005628355151264308,0.004417813156878614,0.006599758975557424,0.0006989892351141645
0.144,0.005659317540129172,0.005707035360228541,0.004479642230235892,0.00669203346739311,0.0007087512728158182
0.145,0.005737901679263991,0.005786255118537864,0.004541897292101527,0.00678494114379713,0.0007185799939239613
0.146,0.005817021602368533,0.0058660142446848584,0.004604578241165336,0.006878481800474234,0.0007284753705805149
0.147,0.00589667714354627,0.005946312556038058,0.004667684975431019,0.006972655231756386,0.0007384373747474031
0.148,0.0059768681357791455,0.006027149868725601,0.004731217392206388,0.007067461230583549,0.0007484659782031455
0.149,0.006057594410916989,0.006108525997616576,0.004795175388108808,0.007162899588496807,0.0007585611525372941
0.15,0.006138855799707954,0.006190440756376092,0.004859558859068969,0.007258970095675221,0.0007687228691511363
0.151,0.006220652131780358,0.006272893957432912,0.004924367700334331,0.007355672540892755,0.0007789510992616463
0.152,0.006302983235641058,0.0063558854119839525,0.0049896018064327086,0.007453006711559462,0.0007892458139022707
0.153,0.00638584893869093,0.006439414930034637,0.005055261071217454,0.007550972393677524,0.0007996069839113212
0.154,0.00646924906721259,0.0065234823203041414,0.005121345387905318,0.007649569371884768,0.0008100345799461482
0.155,0.00655318344636423,0.006608087390314044,0.005187854648915469,0.007748797429430576,0.0008205285724823087
0.156,0.006637651900213948,0.006693229946414192,0.005254788746050565,0.007848656348188987,0.0008310889318044231
0.157,0.00672265425169406,0.006778909793648091,0.005322147570425262,0.007949145908636046,0.0008417156280087953
0.158,0.0068081903226321905,0.006865126735880023,0.005389931012385052,0.008050265889885333,0.0008524086310199965
0.159,0.006894259933738556,0.00695188057572943,0.005458138961785375,0.008152016069659096,0.0008631679105456792
0.16,0.006980862904644902,0.007039171114629539,0.005526771307539868,0.008254396224310234,0.0008739934361408623
0.161,0.007067999053817176,0.0071269981527509185,0.005595827938012277,0.008357406128808753,0.0008848851771724332
0.162,0.007155668198643117,0.007215361489061656,0.005665308740884334,0.008461045556741764,0.0008958431027978171
0.163,0.007243870155400067,0.007304260921323413,0.005735213603096145,0.008565314280317149,0.0009068671820132115
0.164,0.007332604739247639,0.007393696246041692,0.005805542410938669,0.008670212070369443,0.0009179573836156021
0.165,0.007421871764238541,0.007483667258560922,0.0058762950499878785,0.008775738696370827,0.0009291136762321111
0.166,0.0075116710433272725,0.00757417375295627,0.005947471405175597,0.00888189392638572,0.0009403360282799793
0.167,0.007602002388339357,0.00766521552206717,0.006019071360682804,0.00898867752715038,0.0009516244080242286
0.168,0.007692865610010191,0.007756792357603903,0.006091094800067531,0.009096089263971208,0.0009629787835149108
0.169,0.00778426051795521,0.007848904049943206,0.006163541606155953,0.009204128900825781,0.0009743991226430588
0.17,0.007876186920709205,0.007941550388370577,0.006236411661103003,0.00931279620029235,0.0009858853930958323
0.171,0.00796864462566177,0.008034731160842745,0.0063097048463793826,0.009422090923585924,0.0009974375623913853
0.172,0.008061633439126003,0.008128446154171354,0.006383421042773119,0.00953201283056071,0.0010090555978539274
0.173,0.008155153166300288,0.008222695153927206,0.006457560130373019,0.009642561679674588,0.0010207394666282906
0.174,0.00824920361128001,0.008317477944480622,0.006532121988599204,0.00975373722803341,0.001032489135674088
0.175,0.008343784577060188,0.008412794308980454,0.006607106496164694,0.009865539231365794,0.0010443045717715726
0.176,0.008438895865526463,0.008508644029361467,0.006682513531121925,0.009977967444039448,0.001056185741510317
0.177,0.008534537277467724,0.008605026886352896,0.006758342970827447,0.010091021619040852,0.0010681326113029237
0.178,0.008630708612558413,0.008701942659451012,0.006834594691943585,0.01020470150800279,0.0010801451473779768
0.179,0.008727409669397213,0.008799391127005285,0.006911268570465201,0.010319006861175373,0.0010922233157774522
0.18,0.00882464024545041,0.008897372066070608,0.0069883644816879364,0.010433937427445583,0.0011043670823642818
0.181,0.00892240013710437,0.008995885252544245,0.007065882300229864,0.010549492954357031,0.0011165764128221334
0.182,0.00902068913963916,0.009094930461097828,0.007143821900030933,0.01066567318805367,0.0011288512726397425
0.183,0.009119507047237185,0.009194507465224155,0.007222183154346307,0.010782477873327201,0.001141191627133281
0.184,0.009218853652985115,0.009294616037162418,0.007300965935730486,0.010899906753629396,0.0011535974414426128
0.185,0.009318728748855953,0.009395255947972636,0.007380170116077056,0.011017959571008373,0.0011660686805126225
0.186,0.009419132125745222,0.009496426967509908,0.00745979556659393,0.011136636066175098,0.0011786053091107163
0.187,0.009520063573452486,0.009598128864410749,0.007539842157789578,0.011255935978480625,0.001191207291818557
0.188,0.009621522880653632,0.009700361406126623,0.0076203097595064495,0.011375859045899439,0.001203874593050507
0.189,0.009723509834967036,0.00980312435889552,0.007701198240899876,0.01149640500505722,0.0012166071770326886
0.19,0.009826024222873098,0.009906417487733743,0.0077825074704436226,0.011617573591214958,0.0012294050077971156
0.191,0.00992906582979386,0.010010240556496408,0.007864237315929223,0.011739364538278507,0.0012422680492094244
0.192,0.010032634440037025,0.01011459332779513,0.007946387644455322,0.011861777578787702,0.0012551962649536117
0.193,0.010136729836827285,0.010219475563065405,0.008028958322487734,0.011984812443940007,0.0012681896185188877
0.194,0.010241351802297882,0.010324887022527984,0.00811194921575864,0.012108468863554989,0.0012812480732304725
0.195,0.010346500117476343,0.010430827465228554,0.008195360189319656,0.012232746566112729,0.0012943715922271559
0.196,0.010452174562306992,0.010537296648972572,0.008279191107576356,0.012357645278735063,0.001307560138465652
0.197,0.010558374915650048,0.010644294330429127,0.00836344183423221,0.012483164727185248,0.0013208136747235486
0.198,0.010665100955257512,0.01075182026499416,0.008448112232319227,0.01260930463586829,0.0013341321635982045
0.199,0.010772352457818657,0.010859874206931464,0.008533202164187959,0.012736064727850382,0.0013475155675039166
0.2,0.010880129198901167,0.010968455909261321,0.008618711491503062,0.0128634447248277,0.001360963848681517
0.201,0.010988430953014827,0.011077565123849886,0.008704640075271053,0.012991444347161485,0.0013744769691891076
0.202,0.011097257493550195,0.011187201601335017,0.008790987775791681,0.013120063313849184,0.0013880548909030407
0.203,0.011206608592849809,0.011297365091175238,0.00887775445270389,0.013249301342546094,0.0014016975755259894
0.204,0.011316484022133233,0.011408055341651624,0.00896493996496428,0.01337915814955204,0.00141540498457682
0.205,0.011426883551543476,0.011519272099813016,0.009052544170851329,0.013509633449824254,0.001429177079393076
0.206,0.011537806950165864,0.01163101511156972,0.009140566927978822,0.013640726956966387,0.0014430138211435264
0.207,0.011649253985956986,0.011743284121586095,0.009229008093254554,0.013772438383236718,0.0014569151708049024
0.208,0.011761224425822026,0.011856078873372755,0.00931786752293684,0.013904767439555377,0.001470881089188086
0.209,0.011873718035561776,0.011969399109231782,0.009407145072583,0.01403771383547614,0.001484911536917547
0.21,0.011986734579915548,0.012083244570300411,0.009496840597117195,0.01417127727923917,0.0014990064744402499
0.211,0.012100273822523933,0.012197614996504347,0.009586953950723176,0.014305457477705952,0.0015131658620299838
0.212,0.012214335525952169,0.0123125101265949,0.009677484986964191,0.014440254136426023,0.0015273896597797277
0.213,0.012328919451683972,0.012427929698124451,0.009768433558715928,0.01457566695957957,0.0015416778276006178
0.214,0.012444025360123068,0.012543873447478093,0.009859799518149304,0.014711695650025391,0.0015560303252357697
0.215,0.012559653010600658,0.012660341109840878,0.009951582716788754,0.014848339909268038,0.001570447112236319
0.216,0.012675802161352745,0.012777332419216358,0.010043783005482143,0.014985599437483454,0.0015849281479964528
0.217,0.012792472569553893,0.012894847108445517,0.010136400234391663,0.01512347393350344,0.001599473391716786
0.218,0.012909663991290532,0.013012884909149147,0.010229434253017144,0.015261963094811759,0.0016140828024263352
0.219,0.013027376181574934,0.013131445551798904,0.010322884910163643,0.015401066617574344,0.0016287563389805778
0.22,0.013145608894352378,0.013250528765669956,0.010416752054004497,0.015540784196601876,0.0016434939600523618
0.221,0.013264361882477382,0.013370134278858636,0.010511035532000501,0.015681115525377542,0.0016582956241409034
0.222,0.013383634897743368,0.013490261818284222,0.010605735190947763,0.0158220602960496,0.0016731612895744118
0.223,0.013503427690859392,0.013610911109698476,0.010700850876979029,0.015963618199426932,0.0016880909144956825
0.224,0.013623740011474228,0.01373208187765701,0.010796382435546037,0.016105788924996367,0.001703084456879177
0.225,0.01374457160814565,0.01385377384553843,0.01089232971143772,0.016248572160899255,0.0017181418745199947
0.226,0.01386592222837818,0.013975986735575374,0.010988692548763779,0.016391967593948786,0.0017332631250414933
0.227,0.013987791618592937,0.014098720268781562,0.011085470790967444,0.01653597490962988,0.0017484481658852895
0.228,0.014110179524145838,0.014221974165031182,0.011182664280794952,0.01668059379209974,0.001763696954326622
0.229,0.014233085689324187,0.014345748143004045,0.011280272860408891,0.016825823924175975,0.0017790094474506878
0.23,0.01435650985733986,0.014470041920220889,0.011378296371171825,0.0169716649873608,0.0017943856021901815
0.231,0.014480451770343771,0.01459485521302617,0.01147673465387089,0.017118116661817506,0.0018098253752843892
0.232,0.014604911169415891,0.014720187736586787,0.011575587548589783,0.017265178626388877,0.001825328723308158
0.233,0.014729887794566554,0.014846039204900074,0.011674854894719866,0.01741285055858799,0.0018408956026613834
0.234,0.014855381384750777,0.014972409330818337,0.011774536531090951,0.017561132134611857,0.0018565259695539531
0.235,0.014981391677847932,0.015099297825985902,0.01187463229570207,0.01771002302931668,0.0018722197800492965
0.236,0.015107918410662734,0.015226704400904678,0.011975142025999252,0.01785952291626025,0.0018879769900204595
0.237,0.015234961318969143,0.015354628764912559,0.01207606555872065,0.01800963146765011,0.0019037975551656591
0.238,0.015362520137443292,0.015483070626141682,0.012177402729931508,0.018160348354387845,0.0019196814310243366
0.239,0.015490594599725228,0.015612029691649432,0.01227915337507246,0.01831167324605476,0.0019356285729348012
0.24,0.015619184438370026,0.01574150566723037,0.012381317328852282,0.01846360581090889,0.001951638936094949
0.241,0.015748289384884883,0.01587149825755324,0.012483894425358244,0.018616145715888766,0.0019677124755091216
0.242,0.01587790916971652,0.01600200716613359,0.012586884497990836,0.018769292626615752,0.0019838491460170233
0.243,0.016008043522250836,0.016133032095314637,0.01269028737949951,0.018923046207396044,0.002000048902281045
0.244,0.016138692170811163,0.01626457274629678,0.01279410290195293,0.019077406121219553,0.002016311698799515
0.245,0.016269854842677633,0.016396628819088432,0.012898330896761845,0.019232372029753253,0.0020326374898852074
0.246,0.016401531264051628,0.01652920001256808,0.013002971194667978,0.019387943593367152,0.0020490262296944794
0.247,0.016533721160091587,0.016662286024438533,0.01310802362575536,0.019544120471096882,0.0020654778722024817
0.248,0.016666424254897904,0.016795886551253192,0.013213488019430786,0.019700902320676894,0.0020819923712152516
0.249,0.016799640271513837,0.016930001288408714,0.013319364204431916,0.019858288798533907,0.002098569680370976
0.25,0.016933368931935533,0.01706462993014496,0.013425652008887567,0.02001627955976837,0.002115209753125122
0.251,0.017067609957095588,0.017199772169545213,0.013532351260174047,0.020174874258197195,0.0021319125427804314
0.252,0.017202363066879344,0.017335427698532413,0.013639461785071028,0.0203340725462976,0.002148678002452771
0.253,0.017337627980126592,0.017471596207913664,0.013746983409668512,0.02049387407525105,0.0021655060850926896
0.254,0.017473404414607728,0.0176082773872836,0.013854915959396807,0.0206542784949566,0.002182396743490849
0.255,0.017609692087072748,0.01774547092513895,0.01396325925902564,0.020815285453964494,0.002199349930249011
0.256,0.01774649071318546,0.01788317650880472,0.01407201313266715,0.020976894599547657,0.002216365597811447
0.257,0.01788380000759777,0.018021393824447896,0.01418117740376168,0.021139105577666184,0.0022334436984546707
0.258,0.01802161968388054,0.018160122557099423,0.014290751895093767,0.02130191803297743,0.0022505841842761836
0.259,0.018159949454583713,0.018299362390646834,0.014400736428804906,0.02146533160884112,0.0022677870072071483
0.26,0.01829878903119573,0.018439113007817476,0.014511130826336482,0.021629345947311363,0.002285052119016572
0.261,0.018438138124169667,0.018579374090211487,0.014621934908487733,0.021793960689141745,0.0023023794712975507
0.262,0.01857799644290261,0.01872014531825794,0.014733148495432835,0.021959175473785564,0.002319769015471838
0.263,0.01871836369576031,0.018861426371283962,0.014844771406624435,0.022124989939399375,0.0023372207028030697
0.264,0.018859239590052847,0.019003216927426958,0.014956803460892565,0.022291403722851988,0.002354734484380906
0.265,0.019000623832063458,0.01914551666371378,0.015069244476410448,0.022458416459689823,0.002372310311120619
0.266,0.019142516127017162,0.019288325256017425,0.015182094270678848,0.022626027784197422,0.002389948133778925
0.267,0.01928491617911272,0.01943164237907513,0.015295352660545491,0.022794237329336497,0.0024076479029455987
0.268,0.019427823691501766,0.0195754677064931,0.015409019462196971,0.022963044726787785,0.0024254095690335693
0.269,0.01957123836629774,0.019719800910723007,0.015523094491174838,0.02313244960693872,0.002443233082294688
0.27,0.019715159904572278,0.0198646416630765,0.015637577562344518,0.023302451598879226,0.00246111839281087
0.271,0.019859588006380803,0.020009989633786474,0.015752468489942495,0.023473050330428347,0.0024790654505036525
0.272,0.02000452237071021,0.020155844491861752,0.015867767087512696,0.023644245428087296,0.002497074205116777
0.273,0.020149962695533118,0.02030220590523435,0.01598347316796389,0.02381603651708719,0.0025151446062400785
0.274,0.02029590867778196,0.02044907354069031,0.016099586543551148,0.023988423221365074,0.0025332766032869626
0.275,0.020442360013353988,0.020596447063890244,0.016216107025867954,0.024161405163574456,0.0025514701455117803
0.276,0.020589316397118706,0.020744326139347513,0.016333034425852877,0.024334981965079217,0.0025697251819952614
0.277,0.020736777522912607,0.02089271043045765,0.016450368553792782,0.024509153245966808,0.0025880416616616154
0.278,0.020884743083534087,0.021041599599489313,0.016568109219319727,0.024683918625030055,0.002606419533263748
0.279,0.02103321277075514,0.021190993307572403,0.01668625623140818,0.02485927771978602,0.0026248587453892337
0.28,0.021182186275318815,0.021340891214717772,0.016804809398378806,0.025035230146471243,0.0026433592464648065
0.281,0.021331663286942616,0.021491292979806842,0.016923768527917993,0.025211775520040614,0.002661920984747382
0.282,0.02148164349431001,0.021642198260600154,0.0170431334270168,0.025388913454164053,0.002680543908332905
0.283,0.021632126585078792,0.021793606713729152,0.017162903902069315,0.025566643561239943,0.0026992279651482775
0.284,0.02178311224588999,0.021945517994701513,0.01728307975877419,0.025744965452386692,0.002717973102964953
0.285,0.021934600162338103,0.022097931757905975,0.017403660802192022,0.025923878737446948,0.002736779269378821
0.286,0.022086590019032005,0.022250847656620554,0.017524646836734048,0.026103383024987936,0.0027556464118375862
0.287,0.022239081499506985,0.022404265342980734,0.017646037666157688,0.02628347792230179,0.0027745744776082825
0.288,0.022392074286312125,0.022558184468010778,0.017767833093579766,0.026464163035407884,0.0027935634138031816
0.289,0.022545568060962494,0.022712604681632553,0.017890032921456633,0.02664543796905361,0.0028126131673710465
0.29,0.022699562503952365,0.022867525632639607,0.018012636951591388,0.0268273023267096,0.0028317236850978725
0.291,0.02285405729476374,0.023022946968701052,0.018135644985150856,0.027009755710598937,0.0028508949136077915
0.292,0.02300905211184747,0.02317886833638333,0.01825905682263851,0.027192797721644846,0.002870126799360575
0.293,0.0231645466326438,0.023335289381132163,0.018382872263925543,0.027376427959519445,0.002889419288652953
0.294,0.023320540533574463,0.02349220974728633,0.018507091108215357,0.02756064602262487,0.002908772327622235
0.295,0.02347703349004556,0.023649629078065337,0.018631713154085183,0.027745451508099594,0.0029281858622419218
0.296,0.02363402517644645,0.023807547015591013,0.018756738199447343,0.02793084401181456,0.0029476598383255904
0.297,0.023791515266155305,0.023965963200857976,0.018882166041573,0.02811682312837771,0.002967194201523792
0.298,0.02394950343153307,0.02412487727376783,0.01900799647708784,0.02830338845113789,0.002986788897328023
0.299,0.024107989343926738,0.024284288873099524,0.01913422930197195,0.02849053957217551,0.003006443871066679
0.3,0.02426697267367478,0.024444197636541765,0.019260864311554826,0.028678276082318765,0.0030261590679103454
0.301,0.024426453090111877,0.02460460320067276,0.01938790130053103,0.02886659757112875,0.0030459344328622644
0.302,0.024586430261543647,0.02476550520095322,0.019515340062935205,0.029055503626918444,0.0030657699107747216
0.303,0.024746903855285263,0.024926903271753398,0.019643180392168946,0.02924499383672674,0.0030856654463364773
0.304,0.024907873537640724,0.025088797046344924,0.019771422080983148,0.029435067786360847,0.003105620984074097
0.305,0.02506933897389497,0.025251186156887095,0.019900064921493543,0.02962572506034955,0.003125636468354476
0.306,0.025231299828339958,0.025414070234443586,0.02002910870515706,0.029816965241981852,0.0031457118433897407
0.307,0.025393755764255434,0.025577448908978284,0.02015855322280491,0.030008787913288204,0.0031658470532278803
0.308,0.02555670644392153,0.02574132180936539,0.02028839826461193,0.03020119265505128,0.003186042041762427
0.309,0.025720151528606273,0.025905688563362894,0.020418643620115584,0.030394179046802083,0.0032062967527241196
0.31,0.025884090678594707,0.026070548797654802,0.020549289078219735,0.03058774666682096,0.003226611129689345
0.311,0.026048523553147906,0.026235902137828004,0.020680334427172764,0.030781895092139355,0.003246985116071686
0.312,0.02621344981053624,0.026401748208349007,0.02081177945458912,0.030976623898547606,0.0032674186551305286
0.313,0.02637886910803392,0.026568086632630716,0.020943623947440537,0.03117193266058238,0.0032879116899669925
0.314,0.026544781101908242,0.026734917032956218,0.021075867692059602,0.03136782095153956,0.0033084641635235884
0.315,0.02671118544744274,0.026902239030559938,0.021208510474152398,0.031564288343472025,0.003329076018583582
0.316,0.02687808179890655,0.027070052245548037,0.02134155207875854,0.031761334407186204,0.0033497471977781633
0.317,0.027045469809587507,0.027238356296960142,0.02147499229029559,0.03195895871225729,0.0033704776435779437
0.318,0.027213349131770436,0.027407150802748026,0.02160883089254184,0.03215716082700426,0.0033912672982995182
0.319,0.027381719416749585,0.027576435379769837,0.021743067668632876,0.032355940318522736,0.0034121161041009
0.32,0.027550580314827943,0.027746209643803865,0.02187770240107112,0.03255529675265967,0.0034330240029847997
0.321,0.027719931475313375,0.02791647320954299,0.02201273487172295,0.03275522969402822,0.0034539909367975667
0.322,0.02788977254652524,0.02808722569060179,0.02214816486180826,0.03295573870601298,0.0034750168472323195
0.323,0.02806010317579145,0.028258466699508378,0.022283992151924448,0.033156823350751874,0.0034961016758228527
0.324,0.02823092300945359,0.028430195847710227,0.02242021652202053,0.03335848318915746,0.003517245363950631
0.325,0.028402231692864245,0.028602412745585226,0.022556837751413372,0.0335607177809103,0.003538447852842494
0.326,0.028574028870386948,0.02877511700242169,0.022693855618789005,0.033763526684455814,0.0035597090835677594
0.327,0.028746314185404208,0.028948308226438513,0.02283126990219353,0.03396690945701597,0.003581028997046126
0.328,0.028919087280306933,0.029121986024772506,0.022969080379049656,0.0341708656545765,0.003602407534036178
0.329,0.02909234779651091,0.02929615000349406,0.023107286826126838,0.034375394831901995,0.003623844635149786
0.33,0.029266095374438326,0.02947079976759376,0.02324588901957636,0.03458049654252726,0.003645340240839817
0.331,0.029440329653541063,0.029645934920995154,0.023384886734910015,0.03478617033876452,0.003666894291408954
0.332,0.02961505027228133,0.029821555066545657,0.023524279747007992,0.03499241577170198,0.003688506727006595
0.333,0.029790256868147146,0.029997659806027033,0.023664067830130864,0.03519923239120282,0.003710177487623568
0.334,0.02996594907764071,0.030174248740148346,0.02380425075788062,0.03540661974590997,0.003731906513105663
0.335,0.030142126536295222,0.030351321468553627,0.023944828303254284,0.035614577383248136,0.003753693743141348
0.336,0.03031878887866384,0.030528877589824754,0.024085800238598853,0.03582310484941975,0.0037755391172708103
0.337,0.030495935738321166,0.030706916701473463,0.024227166335644368,0.03603220168941479,0.0037974425748763642
0.338,0.030673566747868107,0.030885438399944787,0.02436892636548882,0.03624186744700164,0.003819404055193354
0.339,0.03085168153893335,0.031064442280621996,0.024511080098590265,0.03645210166473134,0.0038414234973042963
0.34,0.03103027974217437,0.031243927937840532,0.024653627304789483,0.03666290388394966,0.003863500840139846
0.341,0.031209360987271305,0.03142389496485387,0.024796567753291643,0.03687427364478024,0.003885636022481295
0.342,0.0313889249029405,0.031604342953870046,0.024939901212680415,0.03708621048613481,0.003907828982954103
0.343,0.03156897111692321,0.031785271496029,0.025083627450899648,0.03729871394573403,0.003930079660042671
0.344,0.03174949925599844,0.03196668018143661,0.02522774623528612,0.03751178356005813,0.003952387992070776
0.345,0.03193050894597029,0.03214856859911114,0.025372257332532677,0.03772541886440195,0.00397475391721779
0.346,0.03211199981167969,0.03233093633703921,0.02551716050870645,0.03793961939284485,0.003997177373512856
0.347,0.0322939714770043,0.032513782982145634,0.025662455529255168,0.03815438467826382,0.0040196582988361
0.348,0.032476423564856596,0.0326971081203033,0.025808142159000402,0.03836971425232871,0.004042196630915531
0.349,0.032659355697180995,0.032880911336335805,0.025954220162135333,0.038585607645510556,0.004064792307332712
0.35,0.03284276749496732,0.03306519221402321,0.02610068930222642,0.03880206438707445,0.004087445265519763
0.351,0.03302665857824005,0.033249950336085854,0.02624754934223572,0.03901908400508558,0.004110155442757177
0.352,0.03321102856606056,0.03343518528419892,0.026394800044472255,0.039236666026412736,0.004132922776183492
0.353,0.033395877076538995,0.03362089663900153,0.02654244117063731,0.039454809976722904,0.00415574720278495
0.354,0.03358120372681889,0.03380708398007448,0.026690472481809224,0.03967351538048913,0.004178628659400446
0.355,0.033767008133094446,0.03399374688597134,0.026838893738442282,0.03989278176098632,0.004201567082720765
0.356,0.033953289910597706,0.03418088493418653,0.026987704700369486,0.04011260864029964,0.0042245624092920086
0.357,0.034140048673613275,0.034368497701179335,0.027136905126801558,0.040332995539317684,0.004247614575511776
0.358,0.03432728403546413,0.03455658476237944,0.027286494776329828,0.0405539419777361,0.0042707235176294754
0.359,0.034514995608522725,0.03474514569216136,0.027436473406924233,0.040775447474061255,0.004293889171749201
0.36,0.03470318300421753,0.03493418006387583,0.02758684077593565,0.04099751154561582,0.004317111473830841
0.361,0.03489184583301541,0.03512368744982758,0.02773759664009412,0.04122013370852251,0.004340390359683236
0.362,0.03508098370444278,0.035313667421295325,0.027888740755511177,0.04144331347773722,0.004363725764975306
0.363,0.035270596227071536,0.035504119548517454,0.02804027287767974,0.04166705036700624,0.004387117625227047
0.364,0.03546068300852895,0.03569504340070245,0.02819219276147711,0.04189134388890847,0.004410565875813682
0.365,0.03565124365549854,0.035886438546030686,0.02834450016115564,0.04211619355483598,0.0044340704519658485
0.366,0.035842277773713446,0.0360783045516449,0.02849719483035984,0.04234159887499733,0.0044576312887692916
0.367,0.03603378496796995,0.036270640983669666,0.028650276522109608,0.042567559358424045,0.0044812483211671365
0.368,0.03622576484211587,0.03646344740719171,0.028803744988833313,0.042794074512966684,0.004504921483950787
0.369,0.03641821699906039,0.03665672338628495,0.02895759998229297,0.04302114384530087,0.004528650711781873
0.37,0.036611141040767646,0.036850468483977994,0.029111841253680604,0.04324876686092227,0.004552435939164509
0.371,0.03680453656827237,0.03704468226230745,0.029266468553553304,0.043476943064154505,0.00457627710046841
0.372,0.036998403181657855,0.03723936428224339,0.029421481631863866,0.043705671958146786,0.004600174129914489
0.373,0.037192740480081865,0.037434514103793504,0.029576880237941916,0.04393495304487394,0.0046241269615831734
0.374,0.03738754806175788,0.037630131285886714,0.02973266412050979,0.04416478582514638,0.004648135529413361
0.375,0.0375828255239693,0.03782621538646869,0.02988883302767764,0.044395169798598366,0.004672199767199686
0.376,0.037778572463063084,0.03802276596246151,0.030045386706938237,0.04462610446369708,0.0046963196085963105
0.377,0.03797478847445555,0.038219782569767935,0.03020232490517094,0.04485758931774497,0.00472049498711359
0.378,0.03817147315263085,0.03841726476327895,0.03035964736866359,0.045089623856877425,0.00474472583612044
0.379,0.038368626091141125,0.0386152120968683,0.030517353843063644,0.04532220757606642,0.004769012088848744
0.38,0.03856624688261018,0.038813624123402224,0.03067544407342826,0.0455553399691192,0.0047933536783841685
0.381,0.03876433511873443,0.03901250039473636,0.030833917804193978,0.04578902052868461,0.004817750537674698
0.382,0.038962890390282966,0.039211840461716385,0.03099277477920126,0.0460232487462483,0.004842202599525026
0.383,0.039161912287100545,0.03941164387417867,0.031152014741664846,0.04625802411213742,0.0048667097966043175
0.384,0.0393614003981026,0.03961191018095428,0.03131163743420429,0.04649334611552369,0.004891272061437008
0.385,0.039561354311284026,0.03981263892986592,0.03147164259882662,0.04672921424441989,0.004915889326409409
0.386,0.039761773613720255,0.040013829667745804,0.031632029976928155,0.04696562798568582,0.004940561523770949
0.387,0.03996265789156237,0.04021548194040109,0.03179279930930745,0.047202586825028536,0.00496528858562654
0.388,0.04016400673003734,0.04041759529265482,0.03195395033614401,0.0474400902469988,0.004990070443947607
0.389,0.040365819713460226,0.0406201692683234,0.03211548279702392,0.04767813773500351,0.0050149070305655396
0.39,0.040568096425228094,0.04082320341022638,0.03227739643091809,0.04791672877129316,0.005039798277171492
0.391,0.04077083644781275,0.04102669726019137,0.03243969097619748,0.04815586283697437,0.005064744115319837
0.392,0.04097403936278151,0.04123065035903256,0.03260236617062984,0.048395539412005806,0.005089744476428728
0.393,0.04117770475077985,0.041435062246594045,0.032765421751377755,0.04863575797519948,0.005114799291774724
0.394,0.041381832191544995,0.041639932461705276,0.03292885745499663,0.048876518004232095,0.005139908492501851
0.395,0.041586421263896736,0.0418452605422136,0.03309267301744512,0.04911781897562206,0.005165072009612983
0.396,0.041791471545750025,0.04205104602497628,0.033256868174071585,0.049359660364763025,0.00519028977397969
0.397,0.041996982614108336,0.04225728844586113,0.03342144265963498,0.049602041645895656,0.005215561716330617
0.398,0.04220295404506463,0.042463987339742215,0.03358639620827941,0.04984496229213353,0.005240887767263846
0.399,0.04240938541380723,0.042671142240517324,0.03375172855355879,0.05008842177544448,0.005266267857237153
0.4,0.04261627629461656,0.04287875268108765,0.03391743942842018,0.05033241956666423,0.005291701916575863
0.401,0.042823626260867685,0.04308681819337712,0.034083528565211574,0.05057695513549787,0.0053171898754700115
0.402,0.04303143488503769,0.04329533830833232,0.03424999569568321,0.05082202795051094,0.005342731663971392
0.403,0.04323970173869357,0.043504312555905145,0.03441684055098848,0.051067637479142114,0.0053683272120015986
0.404,0.04344842639250572,0.043713740465077144,0.034584062861678366,0.05131378318770097,0.005393976449342942
0.405,0.043657608416243596,0.04392362156385354,0.034751662357710544,0.051560464541364204,0.005419679305647869
0.406,0.043867247378774954,0.044133955379254575,0.03491963876844073,0.05180768100418465,0.005445435710432261
0.407,0.04407734284807757,0.04434474143732997,0.035087991822632,0.05205543203908858,0.005471245593080046
0.408,0.04428789439122551,0.04455597926315391,0.03525672124844814,0.052303717107882175,0.00549710888284124
0.409,0.044498901574398744,0.044767668380835235,0.03542582677346018,0.05255253567124085,0.005523025508831059
0.41,0.044710363962886544,0.04497980831349374,0.03559530812464229,0.052801887188723695,0.0055489954000330554
0.411,0.04492228112108191,0.04519239858329671,0.0357651650283739,0.053051771118768354,0.005575018485300668
0.412,0.04513465261248863,0.04540543871143543,0.03593539721043881,0.053302186918692374,0.0056010946933508065
0.413,0.045347477999718264,0.04561892821813196,0.03610600439603595,0.05355313404470674,0.005627223952771316
0.414,0.04556075684449741,0.04583286662264541,0.036276986309761616,0.05380461195189068,0.00565340619201868
0.415,0.045774488707656824,0.04604725344326732,0.036448342675618695,0.054056620094219965,0.005679641339417979
0.416,0.04598867314915257,0.04626208819734329,0.03662007321702676,0.05430915792455204,0.005705929323157826
0.417,0.04620330972804163,0.04647737040122707,0.036792177656807645,0.05456222489463647,0.005732270071304935
0.418,0.04641839800250711,0.04669309957033296,0.03696465571719554,0.05481582045511335,0.005758663511787864
0.419,0.04663393752984365,0.0469092752191102,0.03713750711983177,0.055069944055511244,0.0057851095724108965
0.42,0.04684992786646841,0.04712589686105789,0.03731073158576825,0.055324595144254585,0.005811608180842812
0.421,0.047066368567914005,0.047342964008705135,0.03748432883546926,0.05557977316866014,0.005838159264626748
0.422,0.047283259188837246,0.04756047617364145,0.03765829858880887,0.05583547757494334,0.005864762751175678
0.423,0.04750059928301194,0.047778432866491305,0.03783264056507185,0.05609170780821382,0.005891418567772377
0.424,0.04771838840334468,0.04799683359693585,0.03800735448296244,0.05634846331248167,0.005918126641570049
0.425,0.04793662610185406,0.04821567787370046,0.038182440060588574,0.056605743530655284,0.0059448868995950485
0.426,0.048155311929697256,0.04843496520456658,0.03835789701547432,0.056863547904555056,0.005971699268747679
0.427,0.048374445437146876,0.04865469509636322,0.0385337250645561,0.05712187587488704,0.00599856367579499
0.428,0.048594026173612616,0.048874867054975235,0.03870992392419981,0.057380726881275046,0.00602548004737866
0.429,0.04881405368762755,0.049095480585343854,0.03888649331015992,0.05764010036224754,0.006052448310015231
0.43,0.049034527526861126,0.04931653519146656,0.03906343293762893,0.057899995755234634,0.006079468390091104
0.431,0.049255447238109894,0.04953803037639998,0.03924074252120402,0.058160412496581215,0.006106540213867375
0.432,0.049476812367307735,0.04975996564225926,0.039418421774903845,0.058421350021543694,0.006133663707478182
0.433,0.049698622459519004,0.04998234049022032,0.03959647041216108,0.058682807764285916,0.006160838796931841
0.434,0.049920877058949764,0.05020515442052409,0.03977488814582841,0.05894478515788815,0.006188065408110052
0.435,0.05014357570893755,0.050428406932475245,0.03995367468818034,0.05920728163434652,0.0062153434667685395
0.436,0.05036671795196172,0.050652097524441775,0.04013282975090082,0.05947029662457104,0.006242672898539825
0.437,0.05059030332963797,0.05087622569385952,0.04031235304509784,0.059733829558393126,0.0062700536289303724
0.438,0.05081433138272997,0.05110079093723291,0.040492244281311596,0.05999787986456129,0.006297485583318632
0.439,0.05103880165113681,0.05132579275014243,0.04067250316947957,0.06026244697074734,0.006324968686962418
0.44,0.05126371367390233,0.05155123062722666,0.04085312941897734,0.06052753030354485,0.006352502864997074
0.441,0.05148906698921927,0.051777104062209534,0.04103412273859519,0.060793129288471026,0.006380088042427435
0.442,0.05171486113442101,0.052003412547882544,0.04121548283655263,0.06105924334996826,0.006407724144140287
0.443,0.05194109564599161,0.0522301555761141,0.04139720942048086,0.06132587191140959,0.006435411094897771
0.444,0.05216777005956669,0.052457332637856846,0.04157930219744743,0.06159301439509235,0.006463148819337817
0.445,0.052394883909924916,0.05268494322313111,0.04176176087393191,0.061860670222247394,0.006490937241976759
0.446,0.052622436731000456,0.052912986821040564,0.041944585155845315,0.062128838813035325,0.006518776287207949
0.447,0.052850428055882734,0.053141462919782556,0.04212777474851981,0.06239751958655071,0.006546665879303638
0.448,0.05307885741681116,0.053370371006621176,0.0423113293567241,0.06266671196082418,0.006574605942411467
0.449,0.05330772434518087,0.053599710567912184,0.04249524868463517,0.06293641535282124,0.006602596400561702
0.45,0.05353702837154454,0.053829481089099074,0.04267953243586886,0.06320662917844577,0.00663063717765988
0.451,0.05376676902561234,0.05405968205470968,0.04286418031346617,0.06347735285254164,0.006658728197493025
0.452,0.05399694583625615,0.05429031294836806,0.04304919201989521,0.06374858578889209,0.006686869383724831
0.453,0.054227558331504576,0.05452137325278017,0.043234567257053214,0.06402032740022501,0.0067150606599011425
0.454,0.05445860603854883,0.05475286244975047,0.043420305726262876,0.06429257709821135,0.006743301949447017
0.455,0.05469008848374708,0.054984780020173096,0.04360640712828723,0.06456533429346745,0.006771593175665708
0.456,0.05492200519261666,0.055217125444036896,0.04379287116330466,0.06483859839555839,0.006799934261744887
0.457,0.0551543556898463,0.05544989820043683,0.04397969753093356,0.06511236881299454,0.006828325130751615
0.458,0.05538713949928803,0.055683097767553646,0.04416688593022278,0.06538664495324076,0.006856765705629469
0.459,0.05562035614396214,0.0559167236226748,0.04435443605965306,0.06566142622271132,0.0068852559092107525
0.46,0.055854005146059905,0.056150775242188256,0.04454234761713416,0.06593671202677376,0.006913795664206093
0.461,0.05608808602694698,0.05638525210158368,0.04473062030001085,0.06621250176975124,0.006942384893207003
0.462,0.056322598307155594,0.056620153675455864,0.04491925380506778,0.0664887948549241,0.006971023518688816
0.463,0.05655754150639739,0.05685547943750674,0.04510824782851042,0.0667655906845318,0.0069997114630106294
0.464,0.0567929151435548,0.05709122886054069,0.04529760206599487,0.0670428886597687,0.007028448648410442
0.465,0.057028718736689896,0.057327401416482404,0.04548731621259927,0.06732068818079506,0.007057234997014938
0.466,0.057264951803044764,0.057563996576353804,0.04567738996284354,0.06759898864673286,0.0070860704308298
0.467,0.057501613859032984,0.0578010138102954,0.04586782301068726,0.0678777894556678,0.007114954871746538
0.468,0.05773870442025504,0.05803845258755941,0.04605861504952058,0.06815709000465142,0.007143888241541328
0.469,0.05797622300149212,0.05827631237651698,0.04624976577217499,0.0684368896897033,0.007172870461873137
0.47,0.0582141691167077,0.05851459264464892,0.04644127487092198,0.06871718790581471,0.007201901454287087
0.471,0.05845254227905459,0.058753292858563455,0.04663314203746738,0.06899798404694346,0.007230981140212793
0.472,0.058691342000861346,0.058992412483978074,0.04682536696296058,0.06927927750602092,0.007260109440964987
0.473,0.058930567793659794,0.05923195098574552,0.04701794933799108,0.06956106767495329,0.007289286277744369
0.474,0.0591702191681545,0.059471907827825354,0.04721088885258562,0.06984335394462227,0.0073185115716373995
0.475,0.05941029563424828,0.05971228247331284,0.04740418519621303,0.07012613570488746,0.007347785243618094
0.476,0.05965079670103592,0.05995307438442271,0.047597838057790054,0.07040941234458498,0.007377107214544341
0.477,0.05989172187680354,0.060194283022503625,0.047791847125665976,0.07069318325153351,0.007406477405163265
0.478,0.06013307066903108,0.06043590784802655,0.0479862120876442,0.07097744781253235,0.007435895736107688
0.479,0.060374842584394864,0.06067794832059986,0.048180932630963014,0.07126220541336425,0.00746536212789964
0.48,0.060617037128769924,0.06092040389895914,0.048376008442306495,0.07154745543879804,0.007494876500947166
0.481,0.06085965380722634,0.0611632740409756,0.04857143920780693,0.07183319727258908,0.007524438775547652
0.482,0.06110269212403659,0.061406558203652595,0.04876722461304317,0.07211943029748125,0.007554048871885591
0.483,0.06134615158267499,0.06165025584314093,0.048963364343030835,0.07240615389520855,0.007583706710036039
0.484,0.06159003168581567,0.061894366414716795,0.04915985808224743,0.0726933674464948,0.0076134122099604466
0.485,0.06183433193533887,0.062138889372804706,0.04935670551459925,0.07298107033106083,0.007643165291513405
0.486,0.06207905183233019,0.06238382417096705,0.04955390632345735,0.07326926192761929,0.0076729658744354315
0.487,0.06232419087708184,0.06262917026191206,0.049751460191639785,0.07355794161387941,0.007702813878357092
0.488,0.062569748569094,0.06287492709749132,0.049949366801399386,0.07384710876655043,0.007732709222803503
0.489,0.06281572440707658,0.06312109412870365,0.050147625834448206,0.07413676276134096,0.00776265182718536
0.49,0.06306211788895145,0.06336767080569261,0.05034623697195095,0.07442690297295806,0.007792641610806065
0.491,0.0633089285118513,0.06361465657775861,0.05054519989451778,0.07471752877511906,0.00782267849286263
0.492,0.06355615577212394,0.06386205089335062,0.05074451428222049,0.07500863954053782,0.007852762392438376
0.493,0.06380379916533183,0.06410985320006368,0.050944179814569224,0.07530023464093838,0.0078828932285124
0.494,0.06405185818625567,0.06435806294465635,0.051144196170534784,0.0755923134470533,0.007913070919956083
0.495,0.06430033232889062,0.0646066795730369,0.05134456302854029,0.07588487532862231,0.007943295385530793
0.496,0.06454922108645615,0.064855702530275,0.05154528006646264,0.07617791965440102,0.007973566543891817
0.497,0.06479852395138896,0.06510513126059997,0.051746346961635714,0.07647144579215281,0.00800388431358685
0.498,0.06504824041535043,0.0653549652073992,0.05194776339084406,0.07676545310865956,0.008034248613059217
0.499,0.06529836996922357,0.06560520381322504,0.05214952903033154,0.0770599409697168,0.008064659360642623
0.5,0.06554891210312079,0.06585584651979165,0.052351643555797356,0.0773549087401395,0.008095116474567472
